1,田中 花子,1985-03-12,女,37
2,山田 太郎,1990-07-25,男,32
3,鈴木 一郎,1988-11-05,男,34
4,佐藤 由美,1995-05-18,女,27
5,小林 健太,1980-09-30,男,42
6,渡辺 美咲,1998-02-22,女,24
7,中村 健司,1983-08-14,男,39
8,木村 美香,1991-12-07,女,31
9,高橋 啓介,1977-04-09,男,45
10,吉田 さくら,1987-06-03,女,35
11,田村 裕太,1993-10-17,男,29
12,岡田 佳子,1982-01-23,女,40
13,松本 明日香,1997-09-28,女,25
14,伊藤 勇太,1986-03-01,男,36
15,大西 みさ,1994-07-11,女,28
16,古川 健太郎,1975-11-20,男,47
17,小山 美沙,1996-04-05,女,26
18,野口 裕太,1989-12-15,男,33
19,橋本 美和,1999-08-19,女,23
20,三浦 健太,1981-02-08,男,41
21,井上 あや,1992-06-28,女,30
22,斉藤 太一,1979-10-12,男,43
23,北村 さやか,1990-03-26,女,32
24,西田 和彦,1984-05-14,男,38
25,山口 まり,1993-09-08,女,29
26,吉岡 修,1978-07-03,男,44
27,佐々木 みさき,1997-01-10,女,25
28,岩崎 大輔,1980-04-27,男,42
29,村上 亜美,1995-08-21,女,27
30,高田 勇也,1987-12-03,男,35
31,小川 かおり,1998-06-14,女,24
32,宮崎 隆,1983-02-18,男,39
33,田辺 さゆり,1991-04-30,女,31
34,森田 裕太,1976-08-23,男,46
35,佐野 まりな,1994-11-07,女,28
36,神田 健一,1986-05-05,男,36
37,沢田 みゆき,2000-01-01,女,22
38,杉山 勇輝,1982-09-02,男,40
39,岡本 みさと,1996-07-19,女,26
40,服部 剛,1990-01-01,男,32
41,岸田 あさみ,1985-04-13,女,37
42,中田 裕介,1997-10-25,男,25
43,松岡 さや,1989-06-08,女,33
44,高野 大輔,1984-12-22,男,38
45,福田 美穂,1992-02-04,女,30
46,清水 賢太,1977-06-17,男,45
47,石井 美紀,1993-05-29,女,29
48,宮本 啓太,1981-11-11,男,41
49,安田 さやか,1998-09-01,女,24
50,新井 健太,1996-10-03,男,26
51,田中 花子,2018-05-15,女,4
52,山田 太郎,1920-12-02,男,102
53,鈴木 一郎,2011-08-20,男,11
54,佐藤 由美,2022-03-10,女,0
55,渡辺 美咲,2020-11-25,女,2
56,中村 健司,1930-09-08,男,92
57,木村 美香,1932-02-14,女,90
58,高橋 啓介,2015-06-30,男,7
59,吉田 さくら,1930-04-05,女,92
60,田村 裕太,2018-10-22,男,4
61,岡田 佳子,1929-03-07,女,93
62,松本 明日香,1940-01-12,女,82
63,田中 太郎,2010-08-03,男,12
64,高橋 雅子,2001-01-01,女,21
65,鈴木 美香,2002-01-01,女,20
66,谷田部 悠太,2000-05-24,男,22
67,佐藤 花子,1990-01-20,女,32
68,田村 太郎,2000-11-10,男,21
69,吉田 一郎,2010-05-23,男,11
70,渡辺 由美,1990-01-20,女,32
71,高橋 健太,2000-11-10,男,21
72,中村 美咲,2010-05-23,女,11
73,鈴木 健司,1990-01-20,男,32
74,大西 美香,2000-11-10,女,21
75,小林 啓介,2010-05-23,男,11
76,田中 さくら,1990-01-20,女,32
77,岡田 裕太,2000-11-10,男,21
78,松本 佳子,2010-05-23,女,11
79,伊藤 明日香,1990-01-20,女,32
80,山田 勇太,2000-11-10,男,21
81,木村 みさ,2010-05-23,女,11
82,山田 菜々子,2004-04-01,女,18
83,佐藤 みゆき,2004-04-03,女,18
84,田中 美優,2004-04-05,女,18
